,state,order_date,value,prediction,ci_lower,ci_upper,Index
0,AZ,2020-01,13730.0,,,,AZ
1,AZ,2020-02,144015.0,,,,AZ
2,AZ,2020-03,11830.0,,,,AZ
3,AZ,2020-04,74580.0,,,,AZ
4,AZ,2020-05,91000.0,,,,AZ
5,AZ,2020-06,3970.0,,,,AZ
6,AZ,2020-07,7430.0,,,,AZ
7,AZ,2020-08,109960.0,,,,AZ
8,AZ,2020-09,18175.0,,,,AZ
9,AZ,2020-10,33520.0,,,,AZ
10,AZ,2020-11,81955.0,,,,AZ
11,AZ,2020-12,50330.0,,,,AZ
12,AZ,2021-01,0.0,,,,AZ
13,AZ,2021-02,23800.0,,,,AZ
14,AZ,2021-03,1350.0,,,,AZ
15,AZ,2021-04,21450.0,,,,AZ
16,AZ,2021-05,195550.0,,,,AZ
17,AZ,2021-06,142445.0,,,,AZ
18,AZ,2021-07,0.0,,,,AZ
19,AZ,2021-08,0.0,,,,AZ
20,AZ,2021-09,53055.0,,,,AZ
21,AZ,2021-10,89950.0,,,,AZ
22,AZ,2021-11,62905.0,,,,AZ
23,AZ,2021-12,0.0,,,,AZ
24,AZ,2022-01,101240.0,,,,AZ
25,AZ,2022-02,149780.0,,,,AZ
26,AZ,2022-03,234900.0,,,,AZ
27,AZ,2022-04,51135.0,,,,AZ
28,AZ,2022-05,115850.0,,,,AZ
29,AZ,2022-06,137395.0,,,,AZ
30,AZ,2022-07,60620.0,,,,AZ
31,AZ,2022-08,73095.0,,,,AZ
32,AZ,2022-09,40385.0,,,,AZ
33,AZ,2022-10,9520.0,,,,AZ
34,AZ,2022-11,137340.0,,,,AZ
35,AZ,2022-12,117460.0,,,,AZ
36,AZ,2023-01,88860.0,,,,AZ
37,AZ,2023-02,0.0,,,,AZ
38,AZ,2023-03,55910.0,,,,AZ
39,AZ,2023-04,112920.0,,,,AZ
40,AZ,2023-05,52295.0,,,,AZ
41,AZ,2023-06,56095.0,,,,AZ
42,AZ,2023-07,0.0,,,,AZ
43,AZ,2023-08,125735.0,,,,AZ
44,AZ,2023-09,184295.0,,,,AZ
45,AZ,2023-10,71420.0,,,,AZ
46,AZ,2023-11,20270.0,,,,AZ
47,AZ,2023-12,14380.0,,,,AZ
48,AZ,2024-01,22560.0,,,,AZ
49,AZ,2024-02,94825.0,,,,AZ
50,AZ,2024-03,27405.0,,,,AZ
51,AZ,2024-04,169500.0,,,,AZ
52,AZ,2024-05,199020.0,,,,AZ
53,AZ,2024-06,86780.0,,,,AZ
54,AZ,2024-07,125740.0,,,,AZ
55,AZ,2024-08,103480.0,,,,AZ
56,AZ,2024-09,97325.0,,,,AZ
57,AZ,2024-10,,75631.18399934532,-34497.42339810362,185759.79139679426,AZ
58,AZ,2024-11,,68213.24963185268,-47047.297064196144,183473.7963279015,AZ
59,AZ,2024-12,,68213.24963185268,-47047.297064196144,183473.7963279015,AZ
60,CA,2020-01,32760.0,,,,CA
61,CA,2020-02,0.0,,,,CA
62,CA,2020-03,1840.0,,,,CA
63,CA,2020-04,197585.0,,,,CA
64,CA,2020-05,3200.0,,,,CA
65,CA,2020-06,50145.0,,,,CA
66,CA,2020-07,67980.0,,,,CA
67,CA,2020-08,0.0,,,,CA
68,CA,2020-09,0.0,,,,CA
69,CA,2020-10,0.0,,,,CA
70,CA,2020-11,61390.0,,,,CA
71,CA,2020-12,0.0,,,,CA
72,CA,2021-01,0.0,,,,CA
73,CA,2021-02,7460.0,,,,CA
74,CA,2021-03,115130.0,,,,CA
75,CA,2021-04,0.0,,,,CA
76,CA,2021-05,64400.0,,,,CA
77,CA,2021-06,0.0,,,,CA
78,CA,2021-07,0.0,,,,CA
79,CA,2021-08,62210.0,,,,CA
80,CA,2021-09,14920.0,,,,CA
81,CA,2021-10,5860.0,,,,CA
82,CA,2021-11,0.0,,,,CA
83,CA,2021-12,8250.0,,,,CA
84,CA,2022-01,111840.0,,,,CA
85,CA,2022-02,0.0,,,,CA
86,CA,2022-03,172655.0,,,,CA
87,CA,2022-04,35675.0,,,,CA
88,CA,2022-05,49880.0,,,,CA
89,CA,2022-06,106375.0,,,,CA
90,CA,2022-07,46070.0,,,,CA
91,CA,2022-08,123495.0,,,,CA
92,CA,2022-09,8025.0,,,,CA
93,CA,2022-10,121920.0,,,,CA
94,CA,2022-11,13360.0,,,,CA
95,CA,2022-12,0.0,,,,CA
96,CA,2023-01,0.0,,,,CA
97,CA,2023-02,54530.0,,,,CA
98,CA,2023-03,0.0,,,,CA
99,CA,2023-04,290465.0,,,,CA
100,CA,2023-05,98640.0,,,,CA
101,CA,2023-06,118960.0,,,,CA
102,CA,2023-07,0.0,,,,CA
103,CA,2023-08,0.0,,,,CA
104,CA,2023-09,8520.0,,,,CA
105,CA,2023-10,0.0,,,,CA
106,CA,2023-11,0.0,,,,CA
107,CA,2023-12,0.0,,,,CA
108,CA,2024-01,42460.0,,,,CA
109,CA,2024-02,136390.0,,,,CA
110,CA,2024-03,0.0,,,,CA
111,CA,2024-04,64865.0,,,,CA
112,CA,2024-05,0.0,,,,CA
113,CA,2024-06,1030.0,,,,CA
114,CA,2024-07,115700.0,,,,CA
115,CA,2024-08,117540.0,,,,CA
116,CA,2024-09,70995.0,,,,CA
117,CA,2024-10,,45658.24561403509,-73840.14841043737,165156.63963850756,CA
118,CA,2024-11,,45658.24561403509,-73840.14841043737,165156.63963850756,CA
119,CA,2024-12,,45658.24561403509,-73840.14841043737,165156.63963850756,CA
120,CO,2020-01,31245.0,,,,CO
121,CO,2020-02,46665.0,,,,CO
122,CO,2020-03,60220.0,,,,CO
123,CO,2020-04,225270.0,,,,CO
124,CO,2020-05,64340.0,,,,CO
125,CO,2020-06,95370.0,,,,CO
126,CO,2020-07,610695.0,,,,CO
127,CO,2020-08,224255.0,,,,CO
128,CO,2020-09,87470.0,,,,CO
129,CO,2020-10,105225.0,,,,CO
130,CO,2020-11,160075.0,,,,CO
131,CO,2020-12,101810.0,,,,CO
132,CO,2021-01,31740.0,,,,CO
133,CO,2021-02,11940.0,,,,CO
134,CO,2021-03,363350.0,,,,CO
135,CO,2021-04,65580.0,,,,CO
136,CO,2021-05,23420.0,,,,CO
137,CO,2021-06,292070.0,,,,CO
138,CO,2021-07,156910.0,,,,CO
139,CO,2021-08,70880.0,,,,CO
140,CO,2021-09,1950.0,,,,CO
141,CO,2021-10,94465.0,,,,CO
142,CO,2021-11,23480.0,,,,CO
143,CO,2021-12,156230.0,,,,CO
144,CO,2022-01,42420.0,,,,CO
145,CO,2022-02,16310.0,,,,CO
146,CO,2022-03,45980.0,,,,CO
147,CO,2022-04,133705.0,,,,CO
148,CO,2022-05,409115.0,,,,CO
149,CO,2022-06,178285.0,,,,CO
150,CO,2022-07,237555.0,,,,CO
151,CO,2022-08,121845.0,,,,CO
152,CO,2022-09,58845.0,,,,CO
153,CO,2022-10,64935.0,,,,CO
154,CO,2022-11,44600.0,,,,CO
155,CO,2022-12,57770.0,,,,CO
156,CO,2023-01,0.0,,,,CO
157,CO,2023-02,29725.0,,,,CO
158,CO,2023-03,317830.0,,,,CO
159,CO,2023-04,174295.0,,,,CO
160,CO,2023-05,311175.0,,,,CO
161,CO,2023-06,258840.0,,,,CO
162,CO,2023-07,0.0,,,,CO
163,CO,2023-08,312300.0,,,,CO
164,CO,2023-09,117365.0,,,,CO
165,CO,2023-10,2835.0,,,,CO
166,CO,2023-11,43000.0,,,,CO
167,CO,2023-12,3275.0,,,,CO
168,CO,2024-01,133495.0,,,,CO
169,CO,2024-02,175075.0,,,,CO
170,CO,2024-03,313245.0,,,,CO
171,CO,2024-04,255965.0,,,,CO
172,CO,2024-05,179980.0,,,,CO
173,CO,2024-06,153170.0,,,,CO
174,CO,2024-07,0.0,,,,CO
175,CO,2024-08,348445.0,,,,CO
176,CO,2024-09,51635.0,,,,CO
177,CO,2024-10,,135046.84210526317,-111624.91335483486,381718.5975653612,CO
178,CO,2024-11,,135046.84210526317,-111624.91335483486,381718.5975653612,CO
179,CO,2024-12,,135046.84210526317,-111624.91335483486,381718.5975653612,CO
180,FL,2020-01,0.0,,,,FL
181,FL,2020-02,126160.0,,,,FL
182,FL,2020-03,105885.0,,,,FL
183,FL,2020-04,3730.0,,,,FL
184,FL,2020-05,54340.0,,,,FL
185,FL,2020-06,175780.0,,,,FL
186,FL,2020-07,58235.0,,,,FL
187,FL,2020-08,19855.0,,,,FL
188,FL,2020-09,100755.0,,,,FL
189,FL,2020-10,28000.0,,,,FL
190,FL,2020-11,0.0,,,,FL
191,FL,2020-12,6350.0,,,,FL
192,FL,2021-01,10515.0,,,,FL
193,FL,2021-02,18280.0,,,,FL
194,FL,2021-03,139425.0,,,,FL
195,FL,2021-04,65500.0,,,,FL
196,FL,2021-05,0.0,,,,FL
197,FL,2021-06,93360.0,,,,FL
198,FL,2021-07,70990.0,,,,FL
199,FL,2021-08,0.0,,,,FL
200,FL,2021-09,10660.0,,,,FL
201,FL,2021-10,29660.0,,,,FL
202,FL,2021-11,8150.0,,,,FL
203,FL,2021-12,114490.0,,,,FL
204,FL,2022-01,100570.0,,,,FL
205,FL,2022-02,14400.0,,,,FL
206,FL,2022-03,170765.0,,,,FL
207,FL,2022-04,0.0,,,,FL
208,FL,2022-05,86295.0,,,,FL
209,FL,2022-06,121325.0,,,,FL
210,FL,2022-07,105560.0,,,,FL
211,FL,2022-08,121360.0,,,,FL
212,FL,2022-09,238370.0,,,,FL
213,FL,2022-10,4470.0,,,,FL
214,FL,2022-11,105995.0,,,,FL
215,FL,2022-12,50425.0,,,,FL
216,FL,2023-01,29050.0,,,,FL
217,FL,2023-02,13810.0,,,,FL
218,FL,2023-03,0.0,,,,FL
219,FL,2023-04,15660.0,,,,FL
220,FL,2023-05,15970.0,,,,FL
221,FL,2023-06,22260.0,,,,FL
222,FL,2023-07,37405.0,,,,FL
223,FL,2023-08,23260.0,,,,FL
224,FL,2023-09,80115.0,,,,FL
225,FL,2023-10,0.0,,,,FL
226,FL,2023-11,0.0,,,,FL
227,FL,2023-12,18965.0,,,,FL
228,FL,2024-01,46370.0,,,,FL
229,FL,2024-02,22030.0,,,,FL
230,FL,2024-03,9860.0,,,,FL
231,FL,2024-04,77660.0,,,,FL
232,FL,2024-05,62570.0,,,,FL
233,FL,2024-06,13530.0,,,,FL
234,FL,2024-07,11770.0,,,,FL
235,FL,2024-08,79085.0,,,,FL
236,FL,2024-09,89350.0,,,,FL
237,FL,2024-10,,53129.38596491229,-51707.28020233718,157966.05213216174,FL
238,FL,2024-11,,53129.38596491229,-51707.28020233718,157966.05213216174,FL
239,FL,2024-12,,53129.38596491229,-51707.28020233718,157966.05213216174,FL
240,IN,2020-01,0.0,,,,IN
241,IN,2020-02,0.0,,,,IN
242,IN,2020-03,0.0,,,,IN
243,IN,2020-04,1665.0,,,,IN
244,IN,2020-05,0.0,,,,IN
245,IN,2020-06,0.0,,,,IN
246,IN,2020-07,0.0,,,,IN
247,IN,2020-08,0.0,,,,IN
248,IN,2020-09,31365.0,,,,IN
249,IN,2020-10,0.0,,,,IN
250,IN,2020-11,0.0,,,,IN
251,IN,2020-12,75730.0,,,,IN
252,IN,2021-01,0.0,,,,IN
253,IN,2021-02,0.0,,,,IN
254,IN,2021-03,0.0,,,,IN
255,IN,2021-04,0.0,,,,IN
256,IN,2021-05,0.0,,,,IN
257,IN,2021-06,31880.0,,,,IN
258,IN,2021-07,98175.0,,,,IN
259,IN,2021-08,0.0,,,,IN
260,IN,2021-09,0.0,,,,IN
261,IN,2021-10,3500.0,,,,IN
262,IN,2021-11,0.0,,,,IN
263,IN,2021-12,0.0,,,,IN
264,IN,2022-01,0.0,,,,IN
265,IN,2022-02,3920.0,,,,IN
266,IN,2022-03,1250.0,,,,IN
267,IN,2022-04,4265.0,,,,IN
268,IN,2022-05,46760.0,,,,IN
269,IN,2022-06,33195.0,,,,IN
270,IN,2022-07,0.0,,,,IN
271,IN,2022-08,61325.0,,,,IN
272,IN,2022-09,14300.0,,,,IN
273,IN,2022-10,0.0,,,,IN
274,IN,2022-11,0.0,,,,IN
275,IN,2022-12,0.0,,,,IN
276,IN,2023-01,0.0,,,,IN
277,IN,2023-02,77550.0,,,,IN
278,IN,2023-03,0.0,,,,IN
279,IN,2023-04,0.0,,,,IN
280,IN,2023-05,60630.0,,,,IN
281,IN,2023-06,9000.0,,,,IN
282,IN,2023-07,36605.0,,,,IN
283,IN,2023-08,0.0,,,,IN
284,IN,2023-09,152830.0,,,,IN
285,IN,2023-10,0.0,,,,IN
286,IN,2023-11,0.0,,,,IN
287,IN,2023-12,0.0,,,,IN
288,IN,2024-01,0.0,,,,IN
289,IN,2024-02,23665.0,,,,IN
290,IN,2024-03,0.0,,,,IN
291,IN,2024-04,25860.0,,,,IN
292,IN,2024-05,35810.0,,,,IN
293,IN,2024-06,0.0,,,,IN
294,IN,2024-07,7135.0,,,,IN
295,IN,2024-08,47480.0,,,,IN
296,IN,2024-09,57110.0,,,,IN
297,IN,2024-10,,16508.85964912281,-42512.11783922275,75529.83713746836,IN
298,IN,2024-11,,16508.85964912281,-42512.11783922275,75529.83713746836,IN
299,IN,2024-12,,16508.85964912281,-42512.11783922275,75529.83713746836,IN
300,KS,2020-01,33200.0,,,,KS
301,KS,2020-02,236940.0,,,,KS
302,KS,2020-03,101535.0,,,,KS
303,KS,2020-04,662060.0,,,,KS
304,KS,2020-05,73050.0,,,,KS
305,KS,2020-06,81245.0,,,,KS
306,KS,2020-07,118855.0,,,,KS
307,KS,2020-08,33560.0,,,,KS
308,KS,2020-09,201590.0,,,,KS
309,KS,2020-10,141605.0,,,,KS
310,KS,2020-11,73930.0,,,,KS
311,KS,2020-12,114035.0,,,,KS
312,KS,2021-01,352305.0,,,,KS
313,KS,2021-02,350155.0,,,,KS
314,KS,2021-03,132440.0,,,,KS
315,KS,2021-04,391885.0,,,,KS
316,KS,2021-05,9875.0,,,,KS
317,KS,2021-06,169685.0,,,,KS
318,KS,2021-07,189390.0,,,,KS
319,KS,2021-08,337615.0,,,,KS
320,KS,2021-09,164985.0,,,,KS
321,KS,2021-10,152240.0,,,,KS
322,KS,2021-11,380140.0,,,,KS
323,KS,2021-12,198295.0,,,,KS
324,KS,2022-01,39050.0,,,,KS
325,KS,2022-02,79270.0,,,,KS
326,KS,2022-03,334470.0,,,,KS
327,KS,2022-04,500815.0,,,,KS
328,KS,2022-05,534540.0,,,,KS
329,KS,2022-06,218265.0,,,,KS
330,KS,2022-07,378470.0,,,,KS
331,KS,2022-08,242260.0,,,,KS
332,KS,2022-09,137355.0,,,,KS
333,KS,2022-10,240745.0,,,,KS
334,KS,2022-11,121370.0,,,,KS
335,KS,2022-12,180135.0,,,,KS
336,KS,2023-01,343425.0,,,,KS
337,KS,2023-02,253150.0,,,,KS
338,KS,2023-03,103510.0,,,,KS
339,KS,2023-04,299925.0,,,,KS
340,KS,2023-05,164700.0,,,,KS
341,KS,2023-06,295555.0,,,,KS
342,KS,2023-07,182700.0,,,,KS
343,KS,2023-08,14375.0,,,,KS
344,KS,2023-09,154740.0,,,,KS
345,KS,2023-10,349045.0,,,,KS
346,KS,2023-11,100255.0,,,,KS
347,KS,2023-12,85700.0,,,,KS
348,KS,2024-01,206695.0,,,,KS
349,KS,2024-02,382570.0,,,,KS
350,KS,2024-03,295565.0,,,,KS
351,KS,2024-04,623670.0,,,,KS
352,KS,2024-05,335880.0,,,,KS
353,KS,2024-06,373890.0,,,,KS
354,KS,2024-07,636245.0,,,,KS
355,KS,2024-08,439545.0,,,,KS
356,KS,2024-09,567340.0,,,,KS
357,KS,2024-10,,450843.04397838924,160449.4206824476,741236.6672743309,KS
358,KS,2024-11,,450843.04397838924,152762.65583505365,748923.4321217248,KS
359,KS,2024-12,,450843.04397838924,145269.191791364,756416.8961654145,KS
360,KY,2020-01,119080.0,,,,KY
361,KY,2020-02,0.0,,,,KY
362,KY,2020-03,9310.0,,,,KY
363,KY,2020-04,24900.0,,,,KY
364,KY,2020-05,0.0,,,,KY
365,KY,2020-06,0.0,,,,KY
366,KY,2020-07,0.0,,,,KY
367,KY,2020-08,0.0,,,,KY
368,KY,2020-09,0.0,,,,KY
369,KY,2020-10,0.0,,,,KY
370,KY,2020-11,0.0,,,,KY
371,KY,2020-12,0.0,,,,KY
372,KY,2021-01,4260.0,,,,KY
373,KY,2021-02,6250.0,,,,KY
374,KY,2021-03,18760.0,,,,KY
375,KY,2021-04,1680.0,,,,KY
376,KY,2021-05,178340.0,,,,KY
377,KY,2021-06,17800.0,,,,KY
378,KY,2021-07,0.0,,,,KY
379,KY,2021-08,136220.0,,,,KY
380,KY,2021-09,0.0,,,,KY
381,KY,2021-10,28235.0,,,,KY
382,KY,2021-11,0.0,,,,KY
383,KY,2021-12,0.0,,,,KY
384,KY,2022-01,60670.0,,,,KY
385,KY,2022-02,0.0,,,,KY
386,KY,2022-03,0.0,,,,KY
387,KY,2022-04,98610.0,,,,KY
388,KY,2022-05,8275.0,,,,KY
389,KY,2022-06,0.0,,,,KY
390,KY,2022-07,0.0,,,,KY
391,KY,2022-08,0.0,,,,KY
392,KY,2022-09,0.0,,,,KY
393,KY,2022-10,78570.0,,,,KY
394,KY,2022-11,55520.0,,,,KY
395,KY,2022-12,79765.0,,,,KY
396,KY,2023-01,0.0,,,,KY
397,KY,2023-02,47430.0,,,,KY
398,KY,2023-03,61190.0,,,,KY
399,KY,2023-04,5900.0,,,,KY
400,KY,2023-05,112525.0,,,,KY
401,KY,2023-06,54660.0,,,,KY
402,KY,2023-07,49690.0,,,,KY
403,KY,2023-08,0.0,,,,KY
404,KY,2023-09,50090.0,,,,KY
405,KY,2023-10,10720.0,,,,KY
406,KY,2023-11,0.0,,,,KY
407,KY,2023-12,1570.0,,,,KY
408,KY,2024-01,14590.0,,,,KY
409,KY,2024-02,7000.0,,,,KY
410,KY,2024-03,0.0,,,,KY
411,KY,2024-04,230310.0,,,,KY
412,KY,2024-05,299480.0,,,,KY
413,KY,2024-06,41100.0,,,,KY
414,KY,2024-07,0.0,,,,KY
415,KY,2024-08,22300.0,,,,KY
416,KY,2024-09,0.0,,,,KY
417,KY,2024-10,,18756.72590420486,-94903.0497767939,132416.50158520363,KY
418,KY,2024-11,,28036.284244484083,-92081.11700963575,148153.6854986039,KY
419,KY,2024-12,,28036.284244484083,-92081.11700963575,148153.6854986039,KY
420,LA,2020-01,17570.0,,,,LA
421,LA,2020-02,0.0,,,,LA
422,LA,2020-03,131140.0,,,,LA
423,LA,2020-04,0.0,,,,LA
424,LA,2020-05,37495.0,,,,LA
425,LA,2020-06,89270.0,,,,LA
426,LA,2020-07,32290.0,,,,LA
427,LA,2020-08,0.0,,,,LA
428,LA,2020-09,0.0,,,,LA
429,LA,2020-10,2930.0,,,,LA
430,LA,2020-11,65420.0,,,,LA
431,LA,2020-12,11220.0,,,,LA
432,LA,2021-01,0.0,,,,LA
433,LA,2021-02,3500.0,,,,LA
434,LA,2021-03,0.0,,,,LA
435,LA,2021-04,55420.0,,,,LA
436,LA,2021-05,0.0,,,,LA
437,LA,2021-06,42675.0,,,,LA
438,LA,2021-07,14765.0,,,,LA
439,LA,2021-08,3730.0,,,,LA
440,LA,2021-09,0.0,,,,LA
441,LA,2021-10,67180.0,,,,LA
442,LA,2021-11,3200.0,,,,LA
443,LA,2021-12,0.0,,,,LA
444,LA,2022-01,0.0,,,,LA
445,LA,2022-02,75135.0,,,,LA
446,LA,2022-03,59185.0,,,,LA
447,LA,2022-04,9010.0,,,,LA
448,LA,2022-05,116660.0,,,,LA
449,LA,2022-06,139365.0,,,,LA
450,LA,2022-07,60715.0,,,,LA
451,LA,2022-08,90425.0,,,,LA
452,LA,2022-09,78265.0,,,,LA
453,LA,2022-10,22240.0,,,,LA
454,LA,2022-11,47400.0,,,,LA
455,LA,2022-12,65885.0,,,,LA
456,LA,2023-01,85370.0,,,,LA
457,LA,2023-02,102245.0,,,,LA
458,LA,2023-03,149995.0,,,,LA
459,LA,2023-04,2060.0,,,,LA
460,LA,2023-05,180240.0,,,,LA
461,LA,2023-06,12600.0,,,,LA
462,LA,2023-07,102240.0,,,,LA
463,LA,2023-08,68870.0,,,,LA
464,LA,2023-09,75520.0,,,,LA
465,LA,2023-10,22730.0,,,,LA
466,LA,2023-11,30370.0,,,,LA
467,LA,2023-12,0.0,,,,LA
468,LA,2024-01,0.0,,,,LA
469,LA,2024-02,31260.0,,,,LA
470,LA,2024-03,116135.0,,,,LA
471,LA,2024-04,147200.0,,,,LA
472,LA,2024-05,165395.0,,,,LA
473,LA,2024-06,81830.0,,,,LA
474,LA,2024-07,4015.0,,,,LA
475,LA,2024-08,815.0,,,,LA
476,LA,2024-09,40845.0,,,,LA
477,LA,2024-10,,38129.09976380028,-56027.428086838474,132285.62761443903,LA
478,LA,2024-11,,45499.4079602912,-49886.35662190272,140885.17254248512,LA
479,LA,2024-12,,46164.31537454844,-51472.80982014805,143801.44056924494,LA
480,MI,2020-01,4800.0,,,,MI
481,MI,2020-02,81335.0,,,,MI
482,MI,2020-03,0.0,,,,MI
483,MI,2020-04,196950.0,,,,MI
484,MI,2020-05,57640.0,,,,MI
485,MI,2020-06,25730.0,,,,MI
486,MI,2020-07,0.0,,,,MI
487,MI,2020-08,36680.0,,,,MI
488,MI,2020-09,59375.0,,,,MI
489,MI,2020-10,53375.0,,,,MI
490,MI,2020-11,22485.0,,,,MI
491,MI,2020-12,53315.0,,,,MI
492,MI,2021-01,58285.0,,,,MI
493,MI,2021-02,57905.0,,,,MI
494,MI,2021-03,268325.0,,,,MI
495,MI,2021-04,50040.0,,,,MI
496,MI,2021-05,14920.0,,,,MI
497,MI,2021-06,11440.0,,,,MI
498,MI,2021-07,132195.0,,,,MI
499,MI,2021-08,100415.0,,,,MI
500,MI,2021-09,26175.0,,,,MI
501,MI,2021-10,5430.0,,,,MI
502,MI,2021-11,2660.0,,,,MI
503,MI,2021-12,0.0,,,,MI
504,MI,2022-01,177225.0,,,,MI
505,MI,2022-02,0.0,,,,MI
506,MI,2022-03,126665.0,,,,MI
507,MI,2022-04,0.0,,,,MI
508,MI,2022-05,3200.0,,,,MI
509,MI,2022-06,158150.0,,,,MI
510,MI,2022-07,115915.0,,,,MI
511,MI,2022-08,0.0,,,,MI
512,MI,2022-09,11040.0,,,,MI
513,MI,2022-10,104145.0,,,,MI
514,MI,2022-11,25295.0,,,,MI
515,MI,2022-12,1680.0,,,,MI
516,MI,2023-01,0.0,,,,MI
517,MI,2023-02,1445.0,,,,MI
518,MI,2023-03,42325.0,,,,MI
519,MI,2023-04,3200.0,,,,MI
520,MI,2023-05,85330.0,,,,MI
521,MI,2023-06,108980.0,,,,MI
522,MI,2023-07,82385.0,,,,MI
523,MI,2023-08,84685.0,,,,MI
524,MI,2023-09,159610.0,,,,MI
525,MI,2023-10,1750.0,,,,MI
526,MI,2023-11,147465.0,,,,MI
527,MI,2023-12,0.0,,,,MI
528,MI,2024-01,0.0,,,,MI
529,MI,2024-02,93950.0,,,,MI
530,MI,2024-03,152365.0,,,,MI
531,MI,2024-04,85615.0,,,,MI
532,MI,2024-05,100355.0,,,,MI
533,MI,2024-06,236065.0,,,,MI
534,MI,2024-07,9590.0,,,,MI
535,MI,2024-08,101750.0,,,,MI
536,MI,2024-09,72100.0,,,,MI
537,MI,2024-10,,63364.12280701755,-64341.187855926204,191069.4334699613,MI
538,MI,2024-11,,63364.12280701755,-64341.187855926204,191069.4334699613,MI
539,MI,2024-12,,63364.12280701755,-64341.187855926204,191069.4334699613,MI
540,MN,2020-01,95130.0,,,,MN
541,MN,2020-02,0.0,,,,MN
542,MN,2020-03,4260.0,,,,MN
543,MN,2020-04,27995.0,,,,MN
544,MN,2020-05,26300.0,,,,MN
545,MN,2020-06,980.0,,,,MN
546,MN,2020-07,88155.0,,,,MN
547,MN,2020-08,0.0,,,,MN
548,MN,2020-09,0.0,,,,MN
549,MN,2020-10,0.0,,,,MN
550,MN,2020-11,184030.0,,,,MN
551,MN,2020-12,0.0,,,,MN
552,MN,2021-01,0.0,,,,MN
553,MN,2021-02,8600.0,,,,MN
554,MN,2021-03,4605.0,,,,MN
555,MN,2021-04,76030.0,,,,MN
556,MN,2021-05,7320.0,,,,MN
557,MN,2021-06,0.0,,,,MN
558,MN,2021-07,63795.0,,,,MN
559,MN,2021-08,161385.0,,,,MN
560,MN,2021-09,0.0,,,,MN
561,MN,2021-10,13320.0,,,,MN
562,MN,2021-11,0.0,,,,MN
563,MN,2021-12,0.0,,,,MN
564,MN,2022-01,0.0,,,,MN
565,MN,2022-02,55785.0,,,,MN
566,MN,2022-03,3680.0,,,,MN
567,MN,2022-04,0.0,,,,MN
568,MN,2022-05,0.0,,,,MN
569,MN,2022-06,28020.0,,,,MN
570,MN,2022-07,0.0,,,,MN
571,MN,2022-08,26080.0,,,,MN
572,MN,2022-09,22170.0,,,,MN
573,MN,2022-10,79310.0,,,,MN
574,MN,2022-11,19440.0,,,,MN
575,MN,2022-12,35460.0,,,,MN
576,MN,2023-01,0.0,,,,MN
577,MN,2023-02,0.0,,,,MN
578,MN,2023-03,10660.0,,,,MN
579,MN,2023-04,82610.0,,,,MN
580,MN,2023-05,80215.0,,,,MN
581,MN,2023-06,18430.0,,,,MN
582,MN,2023-07,0.0,,,,MN
583,MN,2023-08,56920.0,,,,MN
584,MN,2023-09,100095.0,,,,MN
585,MN,2023-10,0.0,,,,MN
586,MN,2023-11,4900.0,,,,MN
587,MN,2023-12,38815.0,,,,MN
588,MN,2024-01,0.0,,,,MN
589,MN,2024-02,59470.0,,,,MN
590,MN,2024-03,21370.0,,,,MN
591,MN,2024-04,190385.0,,,,MN
592,MN,2024-05,151665.0,,,,MN
593,MN,2024-06,69555.0,,,,MN
594,MN,2024-07,56985.0,,,,MN
595,MN,2024-08,35245.0,,,,MN
596,MN,2024-09,14050.0,,,,MN
597,MN,2024-10,,35495.08771929825,-58417.59908324695,129407.77452184344,MN
598,MN,2024-11,,35495.08771929825,-58417.59908324695,129407.77452184344,MN
599,MN,2024-12,,35495.08771929825,-58417.59908324695,129407.77452184344,MN
600,NM,2020-01,9910.0,,,,NM
601,NM,2020-02,9330.0,,,,NM
602,NM,2020-03,0.0,,,,NM
603,NM,2020-04,0.0,,,,NM
604,NM,2020-05,16390.0,,,,NM
605,NM,2020-06,0.0,,,,NM
606,NM,2020-07,0.0,,,,NM
607,NM,2020-08,0.0,,,,NM
608,NM,2020-09,0.0,,,,NM
609,NM,2020-10,15820.0,,,,NM
610,NM,2020-11,52810.0,,,,NM
611,NM,2020-12,0.0,,,,NM
612,NM,2021-01,0.0,,,,NM
613,NM,2021-02,4260.0,,,,NM
614,NM,2021-03,76775.0,,,,NM
615,NM,2021-04,0.0,,,,NM
616,NM,2021-05,0.0,,,,NM
617,NM,2021-06,0.0,,,,NM
618,NM,2021-07,0.0,,,,NM
619,NM,2021-08,0.0,,,,NM
620,NM,2021-09,0.0,,,,NM
621,NM,2021-10,0.0,,,,NM
622,NM,2021-11,0.0,,,,NM
623,NM,2021-12,0.0,,,,NM
624,NM,2022-01,0.0,,,,NM
625,NM,2022-02,0.0,,,,NM
626,NM,2022-03,78630.0,,,,NM
627,NM,2022-04,0.0,,,,NM
628,NM,2022-05,195975.0,,,,NM
629,NM,2022-06,25795.0,,,,NM
630,NM,2022-07,0.0,,,,NM
631,NM,2022-08,0.0,,,,NM
632,NM,2022-09,0.0,,,,NM
633,NM,2022-10,0.0,,,,NM
634,NM,2022-11,0.0,,,,NM
635,NM,2022-12,0.0,,,,NM
636,NM,2023-01,0.0,,,,NM
637,NM,2023-02,0.0,,,,NM
638,NM,2023-03,0.0,,,,NM
639,NM,2023-04,0.0,,,,NM
640,NM,2023-05,64525.0,,,,NM
641,NM,2023-06,0.0,,,,NM
642,NM,2023-07,74165.0,,,,NM
643,NM,2023-08,0.0,,,,NM
644,NM,2023-09,36380.0,,,,NM
645,NM,2023-10,0.0,,,,NM
646,NM,2023-11,69510.0,,,,NM
647,NM,2023-12,0.0,,,,NM
648,NM,2024-01,0.0,,,,NM
649,NM,2024-02,0.0,,,,NM
650,NM,2024-03,2130.0,,,,NM
651,NM,2024-04,0.0,,,,NM
652,NM,2024-05,0.0,,,,NM
653,NM,2024-06,145260.0,,,,NM
654,NM,2024-07,870.0,,,,NM
655,NM,2024-08,2610.0,,,,NM
656,NM,2024-09,121735.0,,,,NM
657,NM,2024-10,,17594.385964912282,-59750.86312097572,94939.63505080028,NM
658,NM,2024-11,,17594.385964912282,-59750.86312097572,94939.63505080028,NM
659,NM,2024-12,,17594.385964912282,-59750.86312097572,94939.63505080028,NM
660,NV,2020-01,0.0,,,,NV
661,NV,2020-02,51360.0,,,,NV
662,NV,2020-03,46560.0,,,,NV
663,NV,2020-04,20320.0,,,,NV
664,NV,2020-05,0.0,,,,NV
665,NV,2020-06,31975.0,,,,NV
666,NV,2020-07,7460.0,,,,NV
667,NV,2020-08,0.0,,,,NV
668,NV,2020-09,0.0,,,,NV
669,NV,2020-10,107485.0,,,,NV
670,NV,2020-11,191160.0,,,,NV
671,NV,2020-12,0.0,,,,NV
672,NV,2021-01,116620.0,,,,NV
673,NV,2021-02,0.0,,,,NV
674,NV,2021-03,109230.0,,,,NV
675,NV,2021-04,0.0,,,,NV
676,NV,2021-05,0.0,,,,NV
677,NV,2021-06,80150.0,,,,NV
678,NV,2021-07,0.0,,,,NV
679,NV,2021-08,8230.0,,,,NV
680,NV,2021-09,2660.0,,,,NV
681,NV,2021-10,0.0,,,,NV
682,NV,2021-11,34100.0,,,,NV
683,NV,2021-12,14390.0,,,,NV
684,NV,2022-01,119175.0,,,,NV
685,NV,2022-02,0.0,,,,NV
686,NV,2022-03,162700.0,,,,NV
687,NV,2022-04,19590.0,,,,NV
688,NV,2022-05,0.0,,,,NV
689,NV,2022-06,81100.0,,,,NV
690,NV,2022-07,77175.0,,,,NV
691,NV,2022-08,40990.0,,,,NV
692,NV,2022-09,166365.0,,,,NV
693,NV,2022-10,0.0,,,,NV
694,NV,2022-11,0.0,,,,NV
695,NV,2022-12,0.0,,,,NV
696,NV,2023-01,0.0,,,,NV
697,NV,2023-02,0.0,,,,NV
698,NV,2023-03,50870.0,,,,NV
699,NV,2023-04,0.0,,,,NV
700,NV,2023-05,1250.0,,,,NV
701,NV,2023-06,153180.0,,,,NV
702,NV,2023-07,244560.0,,,,NV
703,NV,2023-08,0.0,,,,NV
704,NV,2023-09,0.0,,,,NV
705,NV,2023-10,157040.0,,,,NV
706,NV,2023-11,0.0,,,,NV
707,NV,2023-12,0.0,,,,NV
708,NV,2024-01,5860.0,,,,NV
709,NV,2024-02,17300.0,,,,NV
710,NV,2024-03,365335.0,,,,NV
711,NV,2024-04,166700.0,,,,NV
712,NV,2024-05,345275.0,,,,NV
713,NV,2024-06,68920.0,,,,NV
714,NV,2024-07,0.0,,,,NV
715,NV,2024-08,3200.0,,,,NV
716,NV,2024-09,5330.0,,,,NV
717,NV,2024-10,,53923.0701754386,-110494.71875692272,218340.85910779992,NV
718,NV,2024-11,,53923.0701754386,-110494.71875692272,218340.85910779992,NV
719,NV,2024-12,,53923.0701754386,-110494.71875692272,218340.85910779992,NV
720,NY,2020-01,37620.0,,,,NY
721,NY,2020-02,183215.0,,,,NY
722,NY,2020-03,9060.0,,,,NY
723,NY,2020-04,178750.0,,,,NY
724,NY,2020-05,117890.0,,,,NY
725,NY,2020-06,99310.0,,,,NY
726,NY,2020-07,27170.0,,,,NY
727,NY,2020-08,9875.0,,,,NY
728,NY,2020-09,196085.0,,,,NY
729,NY,2020-10,0.0,,,,NY
730,NY,2020-11,72050.0,,,,NY
731,NY,2020-12,28310.0,,,,NY
732,NY,2021-01,20770.0,,,,NY
733,NY,2021-02,0.0,,,,NY
734,NY,2021-03,108510.0,,,,NY
735,NY,2021-04,296630.0,,,,NY
736,NY,2021-05,122560.0,,,,NY
737,NY,2021-06,102330.0,,,,NY
738,NY,2021-07,321460.0,,,,NY
739,NY,2021-08,52155.0,,,,NY
740,NY,2021-09,306215.0,,,,NY
741,NY,2021-10,10330.0,,,,NY
742,NY,2021-11,15990.0,,,,NY
743,NY,2021-12,6920.0,,,,NY
744,NY,2022-01,32910.0,,,,NY
745,NY,2022-02,333815.0,,,,NY
746,NY,2022-03,249400.0,,,,NY
747,NY,2022-04,168885.0,,,,NY
748,NY,2022-05,27180.0,,,,NY
749,NY,2022-06,284090.0,,,,NY
750,NY,2022-07,296815.0,,,,NY
751,NY,2022-08,9300.0,,,,NY
752,NY,2022-09,66285.0,,,,NY
753,NY,2022-10,66735.0,,,,NY
754,NY,2022-11,80060.0,,,,NY
755,NY,2022-12,0.0,,,,NY
756,NY,2023-01,26650.0,,,,NY
757,NY,2023-02,183345.0,,,,NY
758,NY,2023-03,44510.0,,,,NY
759,NY,2023-04,24510.0,,,,NY
760,NY,2023-05,223295.0,,,,NY
761,NY,2023-06,123975.0,,,,NY
762,NY,2023-07,268885.0,,,,NY
763,NY,2023-08,204290.0,,,,NY
764,NY,2023-09,300005.0,,,,NY
765,NY,2023-10,169740.0,,,,NY
766,NY,2023-11,35800.0,,,,NY
767,NY,2023-12,67520.0,,,,NY
768,NY,2024-01,280495.0,,,,NY
769,NY,2024-02,187045.0,,,,NY
770,NY,2024-03,222475.0,,,,NY
771,NY,2024-04,138945.0,,,,NY
772,NY,2024-05,177430.0,,,,NY
773,NY,2024-06,268340.0,,,,NY
774,NY,2024-07,313805.0,,,,NY
775,NY,2024-08,161765.0,,,,NY
776,NY,2024-09,312455.0,,,,NY
777,NY,2024-10,,206623.54258818983,-19415.15321154415,432662.2383879238,NY
778,NY,2024-11,,206623.54258818983,-21272.080641825974,434519.1658182056,NY
779,NY,2024-12,,206623.54258818983,-23113.99935032302,436361.08452670265,NY
780,OH,2020-01,7000.0,,,,OH
781,OH,2020-02,45460.0,,,,OH
782,OH,2020-03,65260.0,,,,OH
783,OH,2020-04,48620.0,,,,OH
784,OH,2020-05,2130.0,,,,OH
785,OH,2020-06,45510.0,,,,OH
786,OH,2020-07,80810.0,,,,OH
787,OH,2020-08,45830.0,,,,OH
788,OH,2020-09,22380.0,,,,OH
789,OH,2020-10,0.0,,,,OH
790,OH,2020-11,0.0,,,,OH
791,OH,2020-12,0.0,,,,OH
792,OH,2021-01,0.0,,,,OH
793,OH,2021-02,2130.0,,,,OH
794,OH,2021-03,110130.0,,,,OH
795,OH,2021-04,7460.0,,,,OH
796,OH,2021-05,0.0,,,,OH
797,OH,2021-06,7730.0,,,,OH
798,OH,2021-07,163700.0,,,,OH
799,OH,2021-08,181490.0,,,,OH
800,OH,2021-09,124100.0,,,,OH
801,OH,2021-10,0.0,,,,OH
802,OH,2021-11,0.0,,,,OH
803,OH,2021-12,0.0,,,,OH
804,OH,2022-01,0.0,,,,OH
805,OH,2022-02,208030.0,,,,OH
806,OH,2022-03,53990.0,,,,OH
807,OH,2022-04,51690.0,,,,OH
808,OH,2022-05,122695.0,,,,OH
809,OH,2022-06,290570.0,,,,OH
810,OH,2022-07,414475.0,,,,OH
811,OH,2022-08,0.0,,,,OH
812,OH,2022-09,4610.0,,,,OH
813,OH,2022-10,52460.0,,,,OH
814,OH,2022-11,0.0,,,,OH
815,OH,2022-12,0.0,,,,OH
816,OH,2023-01,34030.0,,,,OH
817,OH,2023-02,49650.0,,,,OH
818,OH,2023-03,34810.0,,,,OH
819,OH,2023-04,0.0,,,,OH
820,OH,2023-05,0.0,,,,OH
821,OH,2023-06,5290.0,,,,OH
822,OH,2023-07,205180.0,,,,OH
823,OH,2023-08,56940.0,,,,OH
824,OH,2023-09,149630.0,,,,OH
825,OH,2023-10,0.0,,,,OH
826,OH,2023-11,80600.0,,,,OH
827,OH,2023-12,0.0,,,,OH
828,OH,2024-01,0.0,,,,OH
829,OH,2024-02,6400.0,,,,OH
830,OH,2024-03,225950.0,,,,OH
831,OH,2024-04,0.0,,,,OH
832,OH,2024-05,37840.0,,,,OH
833,OH,2024-06,98580.0,,,,OH
834,OH,2024-07,284705.0,,,,OH
835,OH,2024-08,177615.0,,,,OH
836,OH,2024-09,20560.0,,,,OH
837,OH,2024-10,,40243.029208919885,-131461.10597273675,211947.1643905765,OH
838,OH,2024-11,,54970.59364992471,-123583.72659319214,233524.91389304155,OH
839,OH,2024-12,,54970.59364992471,-123583.72659319214,233524.91389304155,OH
840,OK,2020-01,72980.0,,,,OK
841,OK,2020-02,105385.0,,,,OK
842,OK,2020-03,15475.0,,,,OK
843,OK,2020-04,2660.0,,,,OK
844,OK,2020-05,130815.0,,,,OK
845,OK,2020-06,281975.0,,,,OK
846,OK,2020-07,70070.0,,,,OK
847,OK,2020-08,98525.0,,,,OK
848,OK,2020-09,78705.0,,,,OK
849,OK,2020-10,37960.0,,,,OK
850,OK,2020-11,3940.0,,,,OK
851,OK,2020-12,0.0,,,,OK
852,OK,2021-01,0.0,,,,OK
853,OK,2021-02,0.0,,,,OK
854,OK,2021-03,19725.0,,,,OK
855,OK,2021-04,50525.0,,,,OK
856,OK,2021-05,72260.0,,,,OK
857,OK,2021-06,12180.0,,,,OK
858,OK,2021-07,93965.0,,,,OK
859,OK,2021-08,26710.0,,,,OK
860,OK,2021-09,149680.0,,,,OK
861,OK,2021-10,7460.0,,,,OK
862,OK,2021-11,4090.0,,,,OK
863,OK,2021-12,0.0,,,,OK
864,OK,2022-01,1665.0,,,,OK
865,OK,2022-02,0.0,,,,OK
866,OK,2022-03,49330.0,,,,OK
867,OK,2022-04,22465.0,,,,OK
868,OK,2022-05,159715.0,,,,OK
869,OK,2022-06,31200.0,,,,OK
870,OK,2022-07,157795.0,,,,OK
871,OK,2022-08,190770.0,,,,OK
872,OK,2022-09,20800.0,,,,OK
873,OK,2022-10,12895.0,,,,OK
874,OK,2022-11,87235.0,,,,OK
875,OK,2022-12,0.0,,,,OK
876,OK,2023-01,0.0,,,,OK
877,OK,2023-02,33890.0,,,,OK
878,OK,2023-03,4180.0,,,,OK
879,OK,2023-04,87525.0,,,,OK
880,OK,2023-05,139625.0,,,,OK
881,OK,2023-06,96595.0,,,,OK
882,OK,2023-07,41160.0,,,,OK
883,OK,2023-08,16580.0,,,,OK
884,OK,2023-09,76040.0,,,,OK
885,OK,2023-10,61180.0,,,,OK
886,OK,2023-11,22380.0,,,,OK
887,OK,2023-12,0.0,,,,OK
888,OK,2024-01,46085.0,,,,OK
889,OK,2024-02,3680.0,,,,OK
890,OK,2024-03,229625.0,,,,OK
891,OK,2024-04,65100.0,,,,OK
892,OK,2024-05,11165.0,,,,OK
893,OK,2024-06,77525.0,,,,OK
894,OK,2024-07,151295.0,,,,OK
895,OK,2024-08,151290.0,,,,OK
896,OK,2024-09,66165.0,,,,OK
897,OK,2024-10,,61440.09294375297,-62017.63337673021,184897.81926423614,OK
898,OK,2024-11,,60521.8057670394,-65245.93465203429,186289.5461861131,OK
899,OK,2024-12,,60343.336364598625,-65510.827007967746,186197.499737165,OK
900,OR,2020-01,1250.0,,,,OR
901,OR,2020-02,38410.0,,,,OR
902,OR,2020-03,4120.0,,,,OR
903,OR,2020-04,0.0,,,,OR
904,OR,2020-05,167630.0,,,,OR
905,OR,2020-06,62850.0,,,,OR
906,OR,2020-07,2660.0,,,,OR
907,OR,2020-08,78380.0,,,,OR
908,OR,2020-09,0.0,,,,OR
909,OR,2020-10,0.0,,,,OR
910,OR,2020-11,0.0,,,,OR
911,OR,2020-12,0.0,,,,OR
912,OR,2021-01,104105.0,,,,OR
913,OR,2021-02,53005.0,,,,OR
914,OR,2021-03,0.0,,,,OR
915,OR,2021-04,0.0,,,,OR
916,OR,2021-05,273535.0,,,,OR
917,OR,2021-06,24325.0,,,,OR
918,OR,2021-07,29805.0,,,,OR
919,OR,2021-08,14390.0,,,,OR
920,OR,2021-09,100265.0,,,,OR
921,OR,2021-10,29575.0,,,,OR
922,OR,2021-11,88975.0,,,,OR
923,OR,2021-12,41440.0,,,,OR
924,OR,2022-01,0.0,,,,OR
925,OR,2022-02,0.0,,,,OR
926,OR,2022-03,137785.0,,,,OR
927,OR,2022-04,4340.0,,,,OR
928,OR,2022-05,2660.0,,,,OR
929,OR,2022-06,87030.0,,,,OR
930,OR,2022-07,14400.0,,,,OR
931,OR,2022-08,0.0,,,,OR
932,OR,2022-09,55235.0,,,,OR
933,OR,2022-10,0.0,,,,OR
934,OR,2022-11,14300.0,,,,OR
935,OR,2022-12,0.0,,,,OR
936,OR,2023-01,0.0,,,,OR
937,OR,2023-02,19340.0,,,,OR
938,OR,2023-03,14820.0,,,,OR
939,OR,2023-04,32615.0,,,,OR
940,OR,2023-05,88730.0,,,,OR
941,OR,2023-06,28180.0,,,,OR
942,OR,2023-07,143470.0,,,,OR
943,OR,2023-08,0.0,,,,OR
944,OR,2023-09,0.0,,,,OR
945,OR,2023-10,0.0,,,,OR
946,OR,2023-11,6360.0,,,,OR
947,OR,2023-12,3700.0,,,,OR
948,OR,2024-01,0.0,,,,OR
949,OR,2024-02,75370.0,,,,OR
950,OR,2024-03,3200.0,,,,OR
951,OR,2024-04,0.0,,,,OR
952,OR,2024-05,0.0,,,,OR
953,OR,2024-06,31125.0,,,,OR
954,OR,2024-07,23745.0,,,,OR
955,OR,2024-08,69755.0,,,,OR
956,OR,2024-09,1250.0,,,,OR
957,OR,2024-10,,34598.771929824565,-67699.26375852832,136896.80761817744,OR
958,OR,2024-11,,34598.771929824565,-67699.26375852832,136896.80761817744,OR
959,OR,2024-12,,34598.771929824565,-67699.26375852832,136896.80761817744,OR
960,PA,2020-01,0.0,,,,PA
961,PA,2020-02,0.0,,,,PA
962,PA,2020-03,64705.0,,,,PA
963,PA,2020-04,9830.0,,,,PA
964,PA,2020-05,1950.0,,,,PA
965,PA,2020-06,77625.0,,,,PA
966,PA,2020-07,0.0,,,,PA
967,PA,2020-08,12780.0,,,,PA
968,PA,2020-09,0.0,,,,PA
969,PA,2020-10,21230.0,,,,PA
970,PA,2020-11,0.0,,,,PA
971,PA,2020-12,0.0,,,,PA
972,PA,2021-01,0.0,,,,PA
973,PA,2021-02,17380.0,,,,PA
974,PA,2021-03,9370.0,,,,PA
975,PA,2021-04,174995.0,,,,PA
976,PA,2021-05,0.0,,,,PA
977,PA,2021-06,0.0,,,,PA
978,PA,2021-07,5330.0,,,,PA
979,PA,2021-08,0.0,,,,PA
980,PA,2021-09,116785.0,,,,PA
981,PA,2021-10,0.0,,,,PA
982,PA,2021-11,21840.0,,,,PA
983,PA,2021-12,0.0,,,,PA
984,PA,2022-01,56310.0,,,,PA
985,PA,2022-02,129540.0,,,,PA
986,PA,2022-03,11925.0,,,,PA
987,PA,2022-04,14440.0,,,,PA
988,PA,2022-05,162695.0,,,,PA
989,PA,2022-06,32195.0,,,,PA
990,PA,2022-07,0.0,,,,PA
991,PA,2022-08,156715.0,,,,PA
992,PA,2022-09,112870.0,,,,PA
993,PA,2022-10,168745.0,,,,PA
994,PA,2022-11,18650.0,,,,PA
995,PA,2022-12,0.0,,,,PA
996,PA,2023-01,327475.0,,,,PA
997,PA,2023-02,1250.0,,,,PA
998,PA,2023-03,0.0,,,,PA
999,PA,2023-04,20800.0,,,,PA
1000,PA,2023-05,0.0,,,,PA
1001,PA,2023-06,0.0,,,,PA
1002,PA,2023-07,114515.0,,,,PA
1003,PA,2023-08,0.0,,,,PA
1004,PA,2023-09,80340.0,,,,PA
1005,PA,2023-10,146710.0,,,,PA
1006,PA,2023-11,0.0,,,,PA
1007,PA,2023-12,89520.0,,,,PA
1008,PA,2024-01,162075.0,,,,PA
1009,PA,2024-02,19895.0,,,,PA
1010,PA,2024-03,0.0,,,,PA
1011,PA,2024-04,0.0,,,,PA
1012,PA,2024-05,0.0,,,,PA
1013,PA,2024-06,11830.0,,,,PA
1014,PA,2024-07,94685.0,,,,PA
1015,PA,2024-08,62970.0,,,,PA
1016,PA,2024-09,0.0,,,,PA
1017,PA,2024-10,,44385.438596491236,-86511.14798507385,175282.02517805633,PA
1018,PA,2024-11,,44385.438596491236,-86511.14798507385,175282.02517805633,PA
1019,PA,2024-12,,44385.438596491236,-86511.14798507385,175282.02517805633,PA
1020,RI,2020-01,0.0,,,,RI
1021,RI,2020-02,53950.0,,,,RI
1022,RI,2020-03,0.0,,,,RI
1023,RI,2020-04,0.0,,,,RI
1024,RI,2020-05,0.0,,,,RI
1025,RI,2020-06,155810.0,,,,RI
1026,RI,2020-07,0.0,,,,RI
1027,RI,2020-08,0.0,,,,RI
1028,RI,2020-09,0.0,,,,RI
1029,RI,2020-10,104675.0,,,,RI
1030,RI,2020-11,13290.0,,,,RI
1031,RI,2020-12,16000.0,,,,RI
1032,RI,2021-01,3090.0,,,,RI
1033,RI,2021-02,11925.0,,,,RI
1034,RI,2021-03,10180.0,,,,RI
1035,RI,2021-04,74695.0,,,,RI
1036,RI,2021-05,0.0,,,,RI
1037,RI,2021-06,0.0,,,,RI
1038,RI,2021-07,43840.0,,,,RI
1039,RI,2021-08,0.0,,,,RI
1040,RI,2021-09,0.0,,,,RI
1041,RI,2021-10,0.0,,,,RI
1042,RI,2021-11,69065.0,,,,RI
1043,RI,2021-12,19130.0,,,,RI
1044,RI,2022-01,0.0,,,,RI
1045,RI,2022-02,0.0,,,,RI
1046,RI,2022-03,2660.0,,,,RI
1047,RI,2022-04,0.0,,,,RI
1048,RI,2022-05,17790.0,,,,RI
1049,RI,2022-06,0.0,,,,RI
1050,RI,2022-07,0.0,,,,RI
1051,RI,2022-08,0.0,,,,RI
1052,RI,2022-09,0.0,,,,RI
1053,RI,2022-10,88125.0,,,,RI
1054,RI,2022-11,46625.0,,,,RI
1055,RI,2022-12,0.0,,,,RI
1056,RI,2023-01,0.0,,,,RI
1057,RI,2023-02,0.0,,,,RI
1058,RI,2023-03,140330.0,,,,RI
1059,RI,2023-04,4260.0,,,,RI
1060,RI,2023-05,0.0,,,,RI
1061,RI,2023-06,32770.0,,,,RI
1062,RI,2023-07,115175.0,,,,RI
1063,RI,2023-08,81715.0,,,,RI
1064,RI,2023-09,0.0,,,,RI
1065,RI,2023-10,0.0,,,,RI
1066,RI,2023-11,0.0,,,,RI
1067,RI,2023-12,0.0,,,,RI
1068,RI,2024-01,0.0,,,,RI
1069,RI,2024-02,0.0,,,,RI
1070,RI,2024-03,88870.0,,,,RI
1071,RI,2024-04,68750.0,,,,RI
1072,RI,2024-05,123925.0,,,,RI
1073,RI,2024-06,20850.0,,,,RI
1074,RI,2024-07,119100.0,,,,RI
1075,RI,2024-08,46455.0,,,,RI
1076,RI,2024-09,52660.0,,,,RI
1077,RI,2024-10,,28521.22807017544,-55047.470479180585,112089.92661953146,RI
1078,RI,2024-11,,28521.22807017544,-55047.470479180585,112089.92661953146,RI
1079,RI,2024-12,,28521.22807017544,-55047.470479180585,112089.92661953146,RI
1080,TN,2020-01,6740.0,,,,TN
1081,TN,2020-02,0.0,,,,TN
1082,TN,2020-03,9060.0,,,,TN
1083,TN,2020-04,0.0,,,,TN
1084,TN,2020-05,0.0,,,,TN
1085,TN,2020-06,37870.0,,,,TN
1086,TN,2020-07,0.0,,,,TN
1087,TN,2020-08,0.0,,,,TN
1088,TN,2020-09,0.0,,,,TN
1089,TN,2020-10,0.0,,,,TN
1090,TN,2020-11,1410.0,,,,TN
1091,TN,2020-12,0.0,,,,TN
1092,TN,2021-01,9110.0,,,,TN
1093,TN,2021-02,0.0,,,,TN
1094,TN,2021-03,0.0,,,,TN
1095,TN,2021-04,126335.0,,,,TN
1096,TN,2021-05,0.0,,,,TN
1097,TN,2021-06,1840.0,,,,TN
1098,TN,2021-07,38775.0,,,,TN
1099,TN,2021-08,0.0,,,,TN
1100,TN,2021-09,4560.0,,,,TN
1101,TN,2021-10,5580.0,,,,TN
1102,TN,2021-11,0.0,,,,TN
1103,TN,2021-12,2880.0,,,,TN
1104,TN,2022-01,0.0,,,,TN
1105,TN,2022-02,16440.0,,,,TN
1106,TN,2022-03,2240.0,,,,TN
1107,TN,2022-04,0.0,,,,TN
1108,TN,2022-05,10180.0,,,,TN
1109,TN,2022-06,0.0,,,,TN
1110,TN,2022-07,24510.0,,,,TN
1111,TN,2022-08,0.0,,,,TN
1112,TN,2022-09,0.0,,,,TN
1113,TN,2022-10,0.0,,,,TN
1114,TN,2022-11,0.0,,,,TN
1115,TN,2022-12,103660.0,,,,TN
1116,TN,2023-01,60510.0,,,,TN
1117,TN,2023-02,1030.0,,,,TN
1118,TN,2023-03,0.0,,,,TN
1119,TN,2023-04,89460.0,,,,TN
1120,TN,2023-05,0.0,,,,TN
1121,TN,2023-06,18620.0,,,,TN
1122,TN,2023-07,8900.0,,,,TN
1123,TN,2023-08,0.0,,,,TN
1124,TN,2023-09,55890.0,,,,TN
1125,TN,2023-10,0.0,,,,TN
1126,TN,2023-11,0.0,,,,TN
1127,TN,2023-12,0.0,,,,TN
1128,TN,2024-01,0.0,,,,TN
1129,TN,2024-02,79500.0,,,,TN
1130,TN,2024-03,27300.0,,,,TN
1131,TN,2024-04,98785.0,,,,TN
1132,TN,2024-05,0.0,,,,TN
1133,TN,2024-06,100640.0,,,,TN
1134,TN,2024-07,113120.0,,,,TN
1135,TN,2024-08,17980.0,,,,TN
1136,TN,2024-09,0.0,,,,TN
1137,TN,2024-10,,34971.2047890419,-38358.46277924823,108300.87235733203,TN
1138,TN,2024-11,,34971.2047890419,-38699.75629394658,108642.16587203037,TN
1139,TN,2024-12,,34971.2047890419,-39039.47598141491,108981.88555949871,TN
1140,TX,2020-01,0.0,,,,TX
1141,TX,2020-02,0.0,,,,TX
1142,TX,2020-03,19715.0,,,,TX
1143,TX,2020-04,134210.0,,,,TX
1144,TX,2020-05,0.0,,,,TX
1145,TX,2020-06,92700.0,,,,TX
1146,TX,2020-07,22620.0,,,,TX
1147,TX,2020-08,0.0,,,,TX
1148,TX,2020-09,0.0,,,,TX
1149,TX,2020-10,74805.0,,,,TX
1150,TX,2020-11,22140.0,,,,TX
1151,TX,2020-12,16020.0,,,,TX
1152,TX,2021-01,0.0,,,,TX
1153,TX,2021-02,95200.0,,,,TX
1154,TX,2021-03,2130.0,,,,TX
1155,TX,2021-04,162000.0,,,,TX
1156,TX,2021-05,0.0,,,,TX
1157,TX,2021-06,0.0,,,,TX
1158,TX,2021-07,49455.0,,,,TX
1159,TX,2021-08,134620.0,,,,TX
1160,TX,2021-09,0.0,,,,TX
1161,TX,2021-10,0.0,,,,TX
1162,TX,2021-11,5090.0,,,,TX
1163,TX,2021-12,0.0,,,,TX
1164,TX,2022-01,85455.0,,,,TX
1165,TX,2022-02,87815.0,,,,TX
1166,TX,2022-03,19395.0,,,,TX
1167,TX,2022-04,92910.0,,,,TX
1168,TX,2022-05,0.0,,,,TX
1169,TX,2022-06,0.0,,,,TX
1170,TX,2022-07,23970.0,,,,TX
1171,TX,2022-08,100565.0,,,,TX
1172,TX,2022-09,28340.0,,,,TX
1173,TX,2022-10,9585.0,,,,TX
1174,TX,2022-11,0.0,,,,TX
1175,TX,2022-12,104075.0,,,,TX
1176,TX,2023-01,0.0,,,,TX
1177,TX,2023-02,15105.0,,,,TX
1178,TX,2023-03,7000.0,,,,TX
1179,TX,2023-04,0.0,,,,TX
1180,TX,2023-05,14080.0,,,,TX
1181,TX,2023-06,11960.0,,,,TX
1182,TX,2023-07,42690.0,,,,TX
1183,TX,2023-08,1950.0,,,,TX
1184,TX,2023-09,53245.0,,,,TX
1185,TX,2023-10,11940.0,,,,TX
1186,TX,2023-11,0.0,,,,TX
1187,TX,2023-12,8560.0,,,,TX
1188,TX,2024-01,1680.0,,,,TX
1189,TX,2024-02,27770.0,,,,TX
1190,TX,2024-03,46545.0,,,,TX
1191,TX,2024-04,51025.0,,,,TX
1192,TX,2024-05,81465.0,,,,TX
1193,TX,2024-06,79405.0,,,,TX
1194,TX,2024-07,39285.0,,,,TX
1195,TX,2024-08,25270.0,,,,TX
1196,TX,2024-09,41830.0,,,,TX
1197,TX,2024-10,,34098.59649122808,-47099.46234822494,115296.6553306811,TX
1198,TX,2024-11,,34098.59649122808,-47099.46234822494,115296.6553306811,TX
1199,TX,2024-12,,34098.59649122808,-47099.46234822494,115296.6553306811,TX
1200,WA,2020-01,0.0,,,,WA
1201,WA,2020-02,39850.0,,,,WA
1202,WA,2020-03,0.0,,,,WA
1203,WA,2020-04,18015.0,,,,WA
1204,WA,2020-05,0.0,,,,WA
1205,WA,2020-06,5330.0,,,,WA
1206,WA,2020-07,0.0,,,,WA
1207,WA,2020-08,10090.0,,,,WA
1208,WA,2020-09,18820.0,,,,WA
1209,WA,2020-10,8290.0,,,,WA
1210,WA,2020-11,0.0,,,,WA
1211,WA,2020-12,0.0,,,,WA
1212,WA,2021-01,0.0,,,,WA
1213,WA,2021-02,0.0,,,,WA
1214,WA,2021-03,15630.0,,,,WA
1215,WA,2021-04,0.0,,,,WA
1216,WA,2021-05,0.0,,,,WA
1217,WA,2021-06,0.0,,,,WA
1218,WA,2021-07,0.0,,,,WA
1219,WA,2021-08,0.0,,,,WA
1220,WA,2021-09,0.0,,,,WA
1221,WA,2021-10,0.0,,,,WA
1222,WA,2021-11,0.0,,,,WA
1223,WA,2021-12,0.0,,,,WA
1224,WA,2022-01,6720.0,,,,WA
1225,WA,2022-02,0.0,,,,WA
1226,WA,2022-03,0.0,,,,WA
1227,WA,2022-04,0.0,,,,WA
1228,WA,2022-05,12710.0,,,,WA
1229,WA,2022-06,0.0,,,,WA
1230,WA,2022-07,4800.0,,,,WA
1231,WA,2022-08,12190.0,,,,WA
1232,WA,2022-09,0.0,,,,WA
1233,WA,2022-10,0.0,,,,WA
1234,WA,2022-11,0.0,,,,WA
1235,WA,2022-12,25190.0,,,,WA
1236,WA,2023-01,2660.0,,,,WA
1237,WA,2023-02,8770.0,,,,WA
1238,WA,2023-03,2820.0,,,,WA
1239,WA,2023-04,10730.0,,,,WA
1240,WA,2023-05,46050.0,,,,WA
1241,WA,2023-06,0.0,,,,WA
1242,WA,2023-07,0.0,,,,WA
1243,WA,2023-08,3160.0,,,,WA
1244,WA,2023-09,0.0,,,,WA
1245,WA,2023-10,37630.0,,,,WA
1246,WA,2023-11,0.0,,,,WA
1247,WA,2023-12,0.0,,,,WA
1248,WA,2024-01,0.0,,,,WA
1249,WA,2024-02,3730.0,,,,WA
1250,WA,2024-03,11500.0,,,,WA
1251,WA,2024-04,14000.0,,,,WA
1252,WA,2024-05,0.0,,,,WA
1253,WA,2024-06,32020.0,,,,WA
1254,WA,2024-07,8120.0,,,,WA
1255,WA,2024-08,6380.0,,,,WA
1256,WA,2024-09,10690.0,,,,WA
1257,WA,2024-10,,6594.649122807019,-14473.27907097034,27662.57731658438,WA
1258,WA,2024-11,,6594.649122807019,-14473.27907097034,27662.57731658438,WA
1259,WA,2024-12,,6594.649122807019,-14473.27907097034,27662.57731658438,WA
